cat_id,cat_nombre,slug_carpeta,hero_archivo,hero_url_nueva,total_imgs_desc,todas_imagenes
86,"&#x1f947;Clases particulares online",clases-particulares-online,ClasesParticularesOnline.jpg,https://dev.ciberaula.org/images/categorias/clases-particulares-online/ClasesParticularesOnline.jpg,1,ClasesParticularesOnline.jpg
87,"&#x1f947;Contratar aula virtual",contratar-aula-virtual,ContratarAulaVirtual.jpg,https://dev.ciberaula.org/images/categorias/contratar-aula-virtual/ContratarAulaVirtual.jpg,1,ContratarAulaVirtual.jpg
121,"&#x1f947;Curso online bonificado de maquillaje",curso-online-bonificado-de-maquillaje,Curso-online-de-Maquillaje.png,https://dev.ciberaula.org/images/categorias/curso-online-bonificado-de-maquillaje/Curso-online-de-Maquillaje.png,2,"Curso-online-de-Maquillaje.png | Modalidad-online.jpg"
123,"&#x1f947;Curso online bonificado Maquillaje social",curso-online-bonificado-maquillaje-social,Curso-de-Maquilla-Social.png,https://dev.ciberaula.org/images/categorias/curso-online-bonificado-maquillaje-social/Curso-de-Maquilla-Social.png,2,"Curso-de-Maquilla-Social.png | Maquilla-Social-Ciberaula.org.jpg"
37,"&#x1f947;Cursos bonificados",cursos-bonificados,"Cursos bonificados en Madrid.jpeg",https://dev.ciberaula.org/images/categorias/cursos-bonificados/CursosbonificadosenMadrid.jpeg,3,"Cursos bonificados en Madrid.jpeg | Diploma-acreditativo-de-Inteligencia-Artificial.png | Diploma-inteligencia-artificial-2023.png"
154,"&#x1f947;Cursos bonificados de Agricultura online",cursos-bonificados-de-agricultura-online,Agricultura.jpg,https://dev.ciberaula.org/images/categorias/cursos-bonificados-de-agricultura-online/Agricultura.jpg,3,"Agricultura.jpg | Diploma-acreditativo-Agricultura .png | Diploma-Agricultura -2023.png"
65,"&#x1f947;Cursos bonificados de alemán",cursos-bonificados-de-alem-n,AlemanPrimaria.png,https://dev.ciberaula.org/images/categorias/cursos-bonificados-de-alem-n/AlemanPrimaria.png,2,"AlemanPrimaria.png | AlemanSecundaria.jpg"
11,"&#x1f947;Cursos bonificados de Alimentación, Cocina y Hostelería",cursos-bonificados-de-alimentaci-n-cocina-y-hosteler-a,Screenshot_1.png,https://dev.ciberaula.org/images/categorias/cursos-bonificados-de-alimentaci-n-cocina-y-hosteler-a/Screenshot_1.png,4,"Screenshot_1.png | ExcelOnlineModalidades.jpg | Diploma-acreditativo-de-Alimentacion-Hosteleria.png | Diploma-alimentacion-y-hosteleria-2023.png"
153,"&#x1f947;Cursos bonificados de Artes Gráficas online",cursos-bonificados-de-artes-gr-ficas-online,Artes-graficas.jpg,https://dev.ciberaula.org/images/categorias/cursos-bonificados-de-artes-gr-ficas-online/Artes-graficas.jpg,3,"Artes-graficas.jpg | Diploma-acreditativo-Artes-Graficas.png | Diploma-Artes-Graficas-2023.png"
117,"&#x1f947;Cursos bonificados de atención al cliente",cursos-bonificados-de-atenci-n-al-cliente,"Titulo (1).png",https://dev.ciberaula.org/images/categorias/cursos-bonificados-de-atenci-n-al-cliente/Titulo(1).png,3,"Titulo (1).png | Diploma-acreditativo-Atencion-al-cliente.png | Diploma-Atencion-al-cliente-2023.png"
5,"&#x1f947;Cursos bonificados de Autocad",cursos-bonificados-de-autocad,CursosBonificadosdeAutocad.png,https://dev.ciberaula.org/images/categorias/cursos-bonificados-de-autocad/CursosBonificadosdeAutocad.png,3,"CursosBonificadosdeAutocad.png | Diploma-acreditativo-de-AutoCad.png | Diploma-autocad-2023.png"
111,"&#x1f947;Cursos bonificados de Auxiliar de Enfermería",cursos-bonificados-de-auxiliar-de-enfermer-a,Diploma-acreditativo-Aux-Enfermeria.png,https://dev.ciberaula.org/images/categorias/cursos-bonificados-de-auxiliar-de-enfermer-a/Diploma-acreditativo-Aux-Enfermeria.png,2,"Diploma-acreditativo-Aux-Enfermeria.png | Diploma-Aux-Enfermeria-2023.png"
148,"&#x1f947;Cursos Bonificados de Belleza online",cursos-bonificados-de-belleza-online,Belleza.png,https://dev.ciberaula.org/images/categorias/cursos-bonificados-de-belleza-online/Belleza.png,3,"Belleza.png | Diploma-acreditativo-Belleza.png | Diploma-Belleza-2023.png"
162,"&#x1f947;Cursos bonificados de Bolsa online",cursos-bonificados-de-bolsa-online,Bolsa.jpg,https://dev.ciberaula.org/images/categorias/cursos-bonificados-de-bolsa-online/Bolsa.jpg,3,"Bolsa.jpg | Diploma-acreditativo-Bolsa.png | Diploma-Bolsa-2023.png"
71,"&#x1f947;Cursos Bonificados de Chino",cursos-bonificados-de-chino,BonificadoChino.png,https://dev.ciberaula.org/images/categorias/cursos-bonificados-de-chino/BonificadoChino.png,3,"BonificadoChino.png | Diploma-acreditativo-de-Chino.png | Diploma-Chino-2023.png"
165,"&#x1f947;Cursos bonificados de comercio electrónico",cursos-bonificados-de-comercio-electr-nico,Comercio-electronico.jpeg,https://dev.ciberaula.org/images/categorias/cursos-bonificados-de-comercio-electr-nico/Comercio-electronico.jpeg,3,"Comercio-electronico.jpeg | Diploma-acreditativo-comercio-electronico.png | Diploma-comercio-electronico.png"
142,"&#x1f947;Cursos Bonificados de Comercio online",cursos-bonificados-de-comercio-online,Comercio.jpg,https://dev.ciberaula.org/images/categorias/cursos-bonificados-de-comercio-online/Comercio.jpg,3,"Comercio.jpg | Diploma-acreditativo-Comercio.png | Diploma-Comercio-2023.png"
88,"&#x1f947;Cursos bonificados de competencias clave",cursos-bonificados-de-competencias-clave,CompetenciasClaves.png,https://dev.ciberaula.org/images/categorias/cursos-bonificados-de-competencias-clave/CompetenciasClaves.png,2,"CompetenciasClaves.png | jefe-de-equipo.jpg"
70,"&#x1f947;Cursos Bonificados de Competencias Digitales",cursos-bonificados-de-competencias-digitales,CompetenciasDigitales.png,https://dev.ciberaula.org/images/categorias/cursos-bonificados-de-competencias-digitales/CompetenciasDigitales.png,3,"CompetenciasDigitales.png | Diploma-acreditativo-de-Competencias-digitales.png | Diploma-Competencias-digitales-2023.png"
66,"&#x1f947;Cursos Bonificados de Contabilidad",cursos-bonificados-de-contabilidad,Contabilidad.jpg,https://dev.ciberaula.org/images/categorias/cursos-bonificados-de-contabilidad/Contabilidad.jpg,3,"Contabilidad.jpg | Diploma-acreditativo-de-Contabilidad.png | Diploma-Contabilidad-2023.png"
158,"&#x1f947;Cursos bonificados de Contenidos Y Proyectos Audiovisuales online",cursos-bonificados-de-contenidos-y-proyectos-audiovisuales-online,Contenidos-y-proyectos-audiovisuales.jpg,https://dev.ciberaula.org/images/categorias/cursos-bonificados-de-contenidos-y-proyectos-audiovisuales-online/Contenidos-y-proyectos-audiovisuales.jpg,3,"Contenidos-y-proyectos-audiovisuales.jpg | Diploma-acreditativo-Contenidos-Proyectos-Audiovisuales.png | Diploma-Contenidos-Proyectos-Audiovisuales-2023.png"
128,"&#x1f947;Cursos bonificados de Criptomonedas",cursos-bonificados-de-criptomonedas,CursoOnlineCriptomonedas.png,https://dev.ciberaula.org/images/categorias/cursos-bonificados-de-criptomonedas/CursoOnlineCriptomonedas.png,3,"CursoOnlineCriptomonedas.png | _Diploma-acreditativo-de-Estructura-Datos-Innovaciones-tecnologia-financiera (1).png | Diploma-criptomonedas-2022.png"
164,"&#x1f947;Cursos Bonificados de Derecho online",cursos-bonificados-de-derecho-online,Derecho.jpg,https://dev.ciberaula.org/images/categorias/cursos-bonificados-de-derecho-online/Derecho.jpg,3,"Derecho.jpg | Diploma-acreditativo-Derecho.png | Diploma-Derecho-2023.png"
12,"&#x1f947;Cursos bonificados de Diseño Gráfico 2D y 3D",cursos-bonificados-de-dise-o-gr-fico-2d-y-3d,Diploma-acreditativo-de-Diseño-Grafico2D-3D.png,https://dev.ciberaula.org/images/categorias/cursos-bonificados-de-dise-o-gr-fico-2d-y-3d/Diploma-acreditativo-de-Diseo-Grafico2D-3D.png,2,"Diploma-acreditativo-de-Diseño-Grafico2D-3D.png | Diploma-Diseno-Grafico-2D-y-3D-2023.png"
120,"&#x1f947;Cursos bonificados de Diseño Industrial - CAD",cursos-bonificados-de-dise-o-industrial-cad,"Diseño Industrial.png",https://dev.ciberaula.org/images/categorias/cursos-bonificados-de-dise-o-industrial-cad/DiseoIndustrial.png,3,"Diseño Industrial.png | Diploma-acreditativo-Diseno-industrial-CAD.png | Diploma-Seguridad-Diseño-Industrial-CAD-2022.png"
151,"&#x1f947;Cursos bonificados de Drogodependencia online",cursos-bonificados-de-drogodependencia-online,Drogodependencia.jpg,https://dev.ciberaula.org/images/categorias/cursos-bonificados-de-drogodependencia-online/Drogodependencia.jpg,3,"Drogodependencia.jpg | Diploma-acreditativo-Drogodependencia.png | Diploma-Drogodependencia-2023.png"
146,"&#x1f947;Cursos Bonificados de Drones online",cursos-bonificados-de-drones-online,Drones.jpg,https://dev.ciberaula.org/images/categorias/cursos-bonificados-de-drones-online/Drones.jpg,3,"Drones.jpg | Diploma-acreditativo-Drones.png | Diploma-Drones-2023.png"
13,"&#x1f947;Cursos bonificados de Economía y finanzas",cursos-bonificados-de-econom-a-y-finanzas,Economia-y-finanzas.jpeg,https://dev.ciberaula.org/images/categorias/cursos-bonificados-de-econom-a-y-finanzas/Economia-y-finanzas.jpeg,4,"Economia-y-finanzas.jpeg | atractiva-empresaria-laptop_231208-10621 (1).png | Diploma-acreditativo-de-Economía-Finanzas.png | Diploma-economia-y-finanzas-2023.png"
14,"&#x1f947;Cursos bonificados de Educación",cursos-bonificados-de-educaci-n,84762f2c7bc95158f718adfa74ccfa9f.jpg,https://dev.ciberaula.org/images/categorias/cursos-bonificados-de-educaci-n/84762f2c7bc95158f718adfa74ccfa9f.jpg,3,"84762f2c7bc95158f718adfa74ccfa9f.jpg | Diploma-acreditativo-de-Educación.png | Diploma-educacion-2023.png"
74,"&#x1f947;Cursos Bonificados de Electricidad y electrónica",cursos-bonificados-de-electricidad-y-electr-nica,ComponenteElec.png,https://dev.ciberaula.org/images/categorias/cursos-bonificados-de-electricidad-y-electr-nica/ComponenteElec.png,3,"ComponenteElec.png | Diploma-acreditativo-de-Electricidad-Electronica.png | Diploma-Electricidad-Electronica-2023.png"
73,"&#x1f947;Cursos Bonificados de Energías Renovables",cursos-bonificados-de-energ-as-renovables,Diploma-acreditativo-de-Eneregias-Renovables.png,https://dev.ciberaula.org/images/categorias/cursos-bonificados-de-energ-as-renovables/Diploma-acreditativo-de-Eneregias-Renovables.png,2,"Diploma-acreditativo-de-Eneregias-Renovables.png | Diploma-Eneregias-Renovables-2023.png"
69,"&#x1f947;Cursos bonificados de Enfermería",cursos-bonificados-de-enfermer-a,Enfermeria2.png,https://dev.ciberaula.org/images/categorias/cursos-bonificados-de-enfermer-a/Enfermeria2.png,3,"Enfermeria2.png | Diploma-acreditativo-de-Enfermeria.png | Diploma-Enfermeria-2023.png"
137,"&#x1f947;Cursos bonificados de escaparatismo on-line",cursos-bonificados-de-escaparatismo-on-line,Escaparatismo.jpg,https://dev.ciberaula.org/images/categorias/cursos-bonificados-de-escaparatismo-on-line/Escaparatismo.jpg,3,"Escaparatismo.jpg | Diploma-acreditativo-Escaparatismo.png | Diploma-Escaparatismo-2023.png"
15,"&#x1f947;Cursos bonificados de Euskera",cursos-bonificados-de-euskera,Cursos-bonificados-de-Euskera.png,https://dev.ciberaula.org/images/categorias/cursos-bonificados-de-euskera/Cursos-bonificados-de-Euskera.png,3,"Cursos-bonificados-de-Euskera.png | Diploma-acreditativo-Euskera.png | Diploma-Euskera-2023.png"
143,"&#x1f947;Cursos Bonificados de Farmacia online",cursos-bonificados-de-farmacia-online,Farmacia.jpg,https://dev.ciberaula.org/images/categorias/cursos-bonificados-de-farmacia-online/Farmacia.jpg,3,"Farmacia.jpg | Diploma-acreditativo-Farmacia.png | Diploma-Farmacia-2023.png"
159,"&#x1f947;Cursos bonificados de Fiscalidad online",cursos-bonificados-de-fiscalidad-online,Fiscalidad.jpg,https://dev.ciberaula.org/images/categorias/cursos-bonificados-de-fiscalidad-online/Fiscalidad.jpg,3,"Fiscalidad.jpg | Diploma-acreditativo-Fiscalidad.png | Diploma-Fiscalidad-2023.png"
16,"&#x1f947;Cursos bonificados de Fitosanitarios y biocidas",cursos-bonificados-de-fitosanitarios-y-biocidas,"CURSOS ONLINE FITOSANITARIOS Y BIOCIDAS .jpg",https://dev.ciberaula.org/images/categorias/cursos-bonificados-de-fitosanitarios-y-biocidas/CURSOSONLINEFITOSANITARIOSYBIOCIDAS.jpg,3,"CURSOS ONLINE FITOSANITARIOS Y BIOCIDAS .jpg | Diploma-acreditativo-de-Fitosanitarios-Biocidas.png | Diploma-fitosanitarios-y-biocidas-2023.png"
17,"&#x1f947;Cursos bonificados de Formación en Tecnologías de la Información y Comunicación",cursos-bonificados-de-formaci-n-en-tecnolog-as-de-la-informaci-n-y-comunicaci-n,TecInfo.png,https://dev.ciberaula.org/images/categorias/cursos-bonificados-de-formaci-n-en-tecnolog-as-de-la-informaci-n-y-comunicaci-n/TecInfo.png,2,"TecInfo.png | Tecnologíasnfo.jpg"
18,"&#x1f947;Cursos bonificados de Formación Vial",cursos-bonificados-de-formaci-n-vial,FormacVial.png,https://dev.ciberaula.org/images/categorias/cursos-bonificados-de-formaci-n-vial/FormacVial.png,3,"FormacVial.png | Diploma-acreditativo-de-Formación-Vial.png | Diploma-formacion-vial-2023.png"
64,"&#x1f947;Cursos bonificados de francés",cursos-bonificados-de-franc-s,CursosBonificadosFrances.png,https://dev.ciberaula.org/images/categorias/cursos-bonificados-de-franc-s/CursosBonificadosFrances.png,2,"CursosBonificadosFrances.png | France.jpg"
72,"&#x1f947;Cursos Bonificados de Gestión Ambiental",cursos-bonificados-de-gesti-n-ambiental,GestiónAmbiental.png,https://dev.ciberaula.org/images/categorias/cursos-bonificados-de-gesti-n-ambiental/GestinAmbiental.png,4,"GestiónAmbiental.png | AmbientalGestion.jpg | Diploma-acreditativo-gestion-de-la-calidad-y-medioambiental-en-industrias-de-proceso.png | Diploma-gestion-de-la-calidad-y-medioambiental-en-industrias-de-proceso.png"
157,"&#x1f947;Cursos bonificados de Gestión Comercial Y Ventas online",cursos-bonificados-de-gesti-n-comercial-y-ventas-online,Gestión-comercial-de-ventas-en-empresas.jpg,https://dev.ciberaula.org/images/categorias/cursos-bonificados-de-gesti-n-comercial-y-ventas-online/Gestin-comercial-de-ventas-en-empresas.jpg,3,"Gestión-comercial-de-ventas-en-empresas.jpg | Diploma-acreditativo-Gestión-Comercial-Ventas.png | Diploma-Gestión-Comercial-Ventas-2023.png"
19,"&#x1f947;Cursos bonificados de Gestión y Administración",cursos-bonificados-de-gesti-n-y-administraci-n,"Curso Bonificado Gestion y Administracion.jpg",https://dev.ciberaula.org/images/categorias/cursos-bonificados-de-gesti-n-y-administraci-n/CursoBonificadoGestionyAdministracion.jpg,4,"Curso Bonificado Gestion y Administracion.jpg | GestiónAdministracion.jpg | Diploma-acreditativo-de-Gestion-Administracion.png | Diploma-gestion-y-administracion-2023.png"
20,"&#x1f947;Cursos bonificados de Habilidades Empresariales",cursos-bonificados-de-habilidades-empresariales,Diploma-acreditativo-de-Habilidades-Empresariales.png,https://dev.ciberaula.org/images/categorias/cursos-bonificados-de-habilidades-empresariales/Diploma-acreditativo-de-Habilidades-Empresariales.png,2,"Diploma-acreditativo-de-Habilidades-Empresariales.png | Diploma-habilidades-empresariales-2023.png"
21,"&#x1f947;Cursos bonificados de Habilidades Empresariales para Nuevas Tecnologías",cursos-bonificados-de-habilidades-empresariales-para-nuevas-tecnolog-as,HabilidadesEmpresarialesParaNuevasTecnologias.png,https://dev.ciberaula.org/images/categorias/cursos-bonificados-de-habilidades-empresariales-para-nuevas-tecnolog-as/HabilidadesEmpresarialesParaNuevasTecnologias.png,2,"HabilidadesEmpresarialesParaNuevasTecnologias.png | HabilidadesEmpresarialesNewTec.jpg"
6,"&#x1f947;Cursos bonificados de Idiomas",cursos-bonificados-de-idiomas,Cursos-bonificados-de-idiomas.jpeg,https://dev.ciberaula.org/images/categorias/cursos-bonificados-de-idiomas/Cursos-bonificados-de-idiomas.jpeg,4,"Cursos-bonificados-de-idiomas.jpeg | Idiomas.jpg | Diploma-acreditativo-de-Idiomas.png | Diploma-idiomas-2023.png"
112,"&#x1f947;Cursos bonificados de Igualdad de Género",cursos-bonificados-de-igualdad-de-g-nero,Cursos-Bonificados-de-Igualdad-de-Genero.jpeg,https://dev.ciberaula.org/images/categorias/cursos-bonificados-de-igualdad-de-g-nero/Cursos-Bonificados-de-Igualdad-de-Genero.jpeg,4,"Cursos-Bonificados-de-Igualdad-de-Genero.jpeg | Modalidades-de-imparticion.png | Diploma-acreditativo-Igualdad-de-Genero.png | Diploma-Igualdad-de-Genero-2023.png"
160,"&#x1f947;Cursos bonificados de Ingeniería online",cursos-bonificados-de-ingenier-a-online,Ingenieria.jpg,https://dev.ciberaula.org/images/categorias/cursos-bonificados-de-ingenier-a-online/Ingenieria.jpg,3,"Ingenieria.jpg | Diploma-acreditativo-Ingenieria.png | Diploma-Ingenieria-2023.png"
9,"&#x1f947;Cursos bonificados de Ingles",cursos-bonificados-de-ingles,Cursos-Online-Ingles-Basico.png,https://dev.ciberaula.org/images/categorias/cursos-bonificados-de-ingles/Cursos-Online-Ingles-Basico.png,5,"Cursos-Online-Ingles-Basico.png | InglesSecun.png | Certificate512_44186.png | Diploma-acreditativo-de-Ingles.png | Diploma-Ingles-2023.png"
150,"&#x1f947;Cursos bonificados de Integración Sociolaboral online",cursos-bonificados-de-integraci-n-sociolaboral-online,Integracion-social.png,https://dev.ciberaula.org/images/categorias/cursos-bonificados-de-integraci-n-sociolaboral-online/Integracion-social.png,3,"Integracion-social.png | Diploma-acreditativo-Integracion-Social.png | Diploma-Integracion-Social-2023.png"
166,"&#x1f947;Cursos bonificados de Inteligencia Artificial para la creación de Chatbots",cursos-bonificados-de-inteligencia-artificial-para-la-creaci-n-de-chatbots,"Inteligencia Artificial para la creación de Chatbots.jpg",https://dev.ciberaula.org/images/categorias/cursos-bonificados-de-inteligencia-artificial-para-la-creaci-n-de-chatbots/InteligenciaArtificialparalacreacindeChatbots.jpg,3,"Inteligencia Artificial para la creación de Chatbots.jpg | Diploma FUNDAE.png | Diploma Ciberaula.png"
167,"&#x1f947;Cursos bonificados de Inteligencia Artificial para la generación de vídeo",cursos-bonificados-de-inteligencia-artificial-para-la-generaci-n-de-v-deo,generación-de-video.jpg,https://dev.ciberaula.org/images/categorias/cursos-bonificados-de-inteligencia-artificial-para-la-generaci-n-de-v-deo/generacin-de-video.jpg,3,"generación-de-video.jpg | acreditativo.png | diploma.png"
22,"&#x1f947;Cursos bonificados de Internet y redes locales",cursos-bonificados-de-internet-y-redes-locales,internetRedesLocales.png,https://dev.ciberaula.org/images/categorias/cursos-bonificados-de-internet-y-redes-locales/internetRedesLocales.png,2,"internetRedesLocales.png | IntRedesLocalSecundaria.png"
141,"&#x1f947;Cursos Bonificados de Logística online",cursos-bonificados-de-log-stica-online,Logistic.jpg,https://dev.ciberaula.org/images/categorias/cursos-bonificados-de-log-stica-online/Logistic.jpg,3,"Logistic.jpg | Diploma-acreditativo-Logistica.png | Diploma-Logistica-2023.png"
152,"&#x1f947;Cursos bonificados de Logopedia online",cursos-bonificados-de-logopedia-online,Logopedia.jpg,https://dev.ciberaula.org/images/categorias/cursos-bonificados-de-logopedia-online/Logopedia.jpg,3,"Logopedia.jpg | Diploma-acreditativo-Logopedia.png | Diploma-Logopedia-2023.png"
23,"&#x1f947;Cursos bonificados de Marketing y Ventas",cursos-bonificados-de-marketing-y-ventas,MarketingyVentas.png,https://dev.ciberaula.org/images/categorias/cursos-bonificados-de-marketing-y-ventas/MarketingyVentas.png,4,"MarketingyVentas.png | marketingVentasSecundaria.png | Diploma-acreditativo-de-Marketing-Ventas (1).png | Diploma-marketing-y-ventas-2023 (1).png"
147,"&#x1f947;Cursos Bonificados de Mecánica online",cursos-bonificados-de-mec-nica-online,Mecanica.jpg,https://dev.ciberaula.org/images/categorias/cursos-bonificados-de-mec-nica-online/Mecanica.jpg,3,"Mecanica.jpg | Diploma-acreditativo-Mecanica.png | Diploma-Mecanica-2023.png"
89,"&#x1f947;Cursos bonificados de medicina",cursos-bonificados-de-medicina,Medicina..png,https://dev.ciberaula.org/images/categorias/cursos-bonificados-de-medicina/Medicina..png,3,"Medicina..png | Diploma-acreditativo-de-medicina.png | Diploma-Medicina-2022.png"
163,"&#x1f947;Cursos bonificados de Medicina Estética online",cursos-bonificados-de-medicina-est-tica-online,Medicina-estetica.jpeg,https://dev.ciberaula.org/images/categorias/cursos-bonificados-de-medicina-est-tica-online/Medicina-estetica.jpeg,3,"Medicina-estetica.jpeg | Diploma-acreditativo-Medicina-Estetica.png | Diploma-Medicina-Estetica-2023.png"
24,"&#x1f947;Cursos bonificados de Oficios",cursos-bonificados-de-oficios,CursosOficios.png,https://dev.ciberaula.org/images/categorias/cursos-bonificados-de-oficios/CursosOficios.png,2,"CursosOficios.png | Oficios.jpg"
3,"&#x1f947;Cursos bonificados de Ofimatica",cursos-bonificados-de-ofimatica,CollageOfimaticaORGLog.png,https://dev.ciberaula.org/images/categorias/cursos-bonificados-de-ofimatica/CollageOfimaticaORGLog.png,4,"CollageOfimaticaORGLog.png | atractiva-empresaria-laptop_231208-10621 (1).png | Diploma-acreditativo-de-Ofimatica.png | Diploma-Ciberaula-2023-ofimatica.png"
25,"&#x1f947;Cursos bonificados de Ofimática y Sistemas Operativos",cursos-bonificados-de-ofim-tica-y-sistemas-operativos,Ofimaticas-SistemaOperativos.png,https://dev.ciberaula.org/images/categorias/cursos-bonificados-de-ofim-tica-y-sistemas-operativos/Ofimaticas-SistemaOperativos.png,2,"Ofimaticas-SistemaOperativos.png | SisOperativos.png"
39,"&#x1f947;Cursos bonificados de Páginas Web y Programación",cursos-bonificados-de-p-ginas-web-y-programaci-n,PaginasWebYProgramacion.jpg,https://dev.ciberaula.org/images/categorias/cursos-bonificados-de-p-ginas-web-y-programaci-n/PaginasWebYProgramacion.jpg,3,"PaginasWebYProgramacion.jpg | Diploma-acreditativo-HTML5.png | Diploma-Paginas-Web-y-Programacion.png"
113,"&#x1f947;Cursos bonificados de Plan de Igualdad de Género",cursos-bonificados-de-plan-de-igualdad-de-g-nero,PlanIgualdad.png,https://dev.ciberaula.org/images/categorias/cursos-bonificados-de-plan-de-igualdad-de-g-nero/PlanIgualdad.png,5,"PlanIgualdad.png | objetivos.png | publicoobjetivo.png | Diploma-acreditativo-de-Plan-igualdad-de-genero.png | Diplomas-Igualdad-de-Genero-2022.png"
26,"&#x1f947;Cursos bonificados de Prevención de Riesgos Laborales",cursos-bonificados-de-prevenci-n-de-riesgos-laborales,1cd4dfb1a166ac874c54fc1be35ffc30ad1cca13.jpg,https://dev.ciberaula.org/images/categorias/cursos-bonificados-de-prevenci-n-de-riesgos-laborales/1cd4dfb1a166ac874c54fc1be35ffc30ad1cca13.jpg,4,"1cd4dfb1a166ac874c54fc1be35ffc30ad1cca13.jpg | Prevencion-riesgos-laborales.jpg | Diploma-acreditativo-Prevencion-Riesgos-Laborales-Basico-A.png | Diploma-prevencion-riesgos-laborales-2023.png"
7,"&#x1f947;Cursos bonificados de Programación",cursos-bonificados-de-programaci-n,Programcion.jpg,https://dev.ciberaula.org/images/categorias/cursos-bonificados-de-programaci-n/Programcion.jpg,1,Programcion.jpg
168,"&#x1f947;Cursos bonificados de Programación con Python",cursos-bonificados-de-programaci-n-con-python,"Programación con python.jpg",https://dev.ciberaula.org/images/categorias/cursos-bonificados-de-programaci-n-con-python/Programacinconpython.jpg,3,"Programación con python.jpg | diploma-acreditativo.png | diploma-ciberaula.jpg"
27,"&#x1f947;Cursos bonificados de Protección de datos",cursos-bonificados-de-protecci-n-de-datos,ProteccionDatos.png,https://dev.ciberaula.org/images/categorias/cursos-bonificados-de-protecci-n-de-datos/ProteccionDatos.png,2,"ProteccionDatos.png | ProteccionDatosSecundaria.png"
90,"&#x1f947;Cursos bonificados de psicología",cursos-bonificados-de-psicolog-a,psicologia-empresarial.png,https://dev.ciberaula.org/images/categorias/cursos-bonificados-de-psicolog-a/psicologia-empresarial.png,3,"psicologia-empresarial.png | Diploma-acreditativo-tecnicas-de-apoyo-psicologico-y-social-en-situaciones-de-crisis.png | Diploma-tecnicas-de-apoyo-psicologico-y-social-en-situaciones-de-crisis.png"
149,"&#x1f947;Cursos Bonificados de Psicopedagogía online",cursos-bonificados-de-psicopedagog-a-online,Psicopedagogia.jpg,https://dev.ciberaula.org/images/categorias/cursos-bonificados-de-psicopedagog-a-online/Psicopedagogia.jpg,3,"Psicopedagogia.jpg | Diploma-acreditativo-Psicopedagogia.png | Diploma-Psicopedagogia-2023.png"
139,"&#x1f947;Cursos Bonificados de Recursos Humanos online",cursos-bonificados-de-recursos-humanos-online,RecursosHumanos.jpg,https://dev.ciberaula.org/images/categorias/cursos-bonificados-de-recursos-humanos-online/RecursosHumanos.jpg,3,"RecursosHumanos.jpg | Diploma-acreditativo-Recursos-humanos.png | Diploma-Recursos-humanos-2023.png"
67,"&#x1f947;Cursos Bonificados de Redes Sociales",cursos-bonificados-de-redes-sociales,RedesSociales.png,https://dev.ciberaula.org/images/categorias/cursos-bonificados-de-redes-sociales/RedesSociales.png,4,"RedesSociales.png | CursosOnlineRedesSocialesORG.jpg | Diploma-acreditativo-de-Redes-Sociales.png | Diploma-Redes-Sociales-2023.png"
28,"&#x1f947;Cursos bonificados de Refrigerantes y gases fluorados",cursos-bonificados-de-refrigerantes-y-gases-fluorados,manipulacion-gases-refrigerantes.jpg,https://dev.ciberaula.org/images/categorias/cursos-bonificados-de-refrigerantes-y-gases-fluorados/manipulacion-gases-refrigerantes.jpg,3,"manipulacion-gases-refrigerantes.jpg | Diploma-acreditativo-Manipulacion-equipos-frigorificos-refrigerantes-fluorados.png | Diploma-refrigerantes-y-gases-fluorados-2023.png"
29,"&#x1f947;Cursos bonificados de Retoque fotográfico y Diseño editorial",cursos-bonificados-de-retoque-fotogr-fico-y-dise-o-editorial,DisenoEditorial.png,https://dev.ciberaula.org/images/categorias/cursos-bonificados-de-retoque-fotogr-fico-y-dise-o-editorial/DisenoEditorial.png,2,"DisenoEditorial.png | disenador-grafico-jpg.png"
30,"&#x1f947;Cursos bonificados de Sanidad",cursos-bonificados-de-sanidad,SanidadPrincipal.png,https://dev.ciberaula.org/images/categorias/cursos-bonificados-de-sanidad/SanidadPrincipal.png,3,"SanidadPrincipal.png | Diploma-acreditativo-Sanidad.png | Diploma-sanidad-2023.png"
31,"&#x1f947;Cursos bonificados de Sanitarios",cursos-bonificados-de-sanitarios,Sanitarios.png,https://dev.ciberaula.org/images/categorias/cursos-bonificados-de-sanitarios/Sanitarios.png,3,"Sanitarios.png | Diploma-acreditativo-sanitarios.png | Diploma-sanitarios-2023.png"
32,"&#x1f947;Cursos bonificados de Seguridad Alimentaria",cursos-bonificados-de-seguridad-alimentaria,AlergiasAlimentarias.png,https://dev.ciberaula.org/images/categorias/cursos-bonificados-de-seguridad-alimentaria/AlergiasAlimentarias.png,3,"AlergiasAlimentarias.png | Diploma-acreditativo-Seguridad-Alimentaria.png | Diploma-Seguridad-Alimentaria-2023.png"
140,"&#x1f947;Cursos Bonificados de Servicios Sociales online",cursos-bonificados-de-servicios-sociales-online,Servicios-sociales.jpg,https://dev.ciberaula.org/images/categorias/cursos-bonificados-de-servicios-sociales-online/Servicios-sociales.jpg,3,"Servicios-sociales.jpg | Diploma-acreditativo-Servicios-Sociales.png | Diploma-Servicios-Sociales-2023.png"
33,"&#x1f947;Cursos bonificados de Sistemas de Gestión - Normas ISO",cursos-bonificados-de-sistemas-de-gesti-n-normas-iso,GestionNormasISO.png,https://dev.ciberaula.org/images/categorias/cursos-bonificados-de-sistemas-de-gesti-n-normas-iso/GestionNormasISO.png,3,"GestionNormasISO.png | Diploma-acreditativo-gestion-normas-iso.png | Diploma-gestion-normas-iso-2023.png"
155,"&#x1f947;Cursos bonificados de Sonido online",cursos-bonificados-de-sonido-online,Sonido.jpg,https://dev.ciberaula.org/images/categorias/cursos-bonificados-de-sonido-online/Sonido.jpg,3,"Sonido.jpg | Diploma-acreditativo-Sonido.png | Diploma-Sonido-2023.png"
156,"&#x1f947;Cursos bonificados de Telecomunicaciones online",cursos-bonificados-de-telecomunicaciones-online,Telecomunicaciones.jpg,https://dev.ciberaula.org/images/categorias/cursos-bonificados-de-telecomunicaciones-online/Telecomunicaciones.jpg,3,"Telecomunicaciones.jpg | Diploma-acreditativo-Telecomunicaciones .png | Diploma-Telecomunicaciones-2023.png"
161,"&#x1f947;Cursos bonificados de Telemarketing online",cursos-bonificados-de-telemarketing-online,Telemarketing.jpg,https://dev.ciberaula.org/images/categorias/cursos-bonificados-de-telemarketing-online/Telemarketing.jpg,3,"Telemarketing.jpg | Diploma-acreditativo-Telemarketing.png | Diploma-Telemarketing-2023.png"
68,"&#x1f947;Cursos Bonificados de Teletrabajo",cursos-bonificados-de-teletrabajo,TeletrabajoORG.png,https://dev.ciberaula.org/images/categorias/cursos-bonificados-de-teletrabajo/TeletrabajoORG.png,2,"TeletrabajoORG.png | TeletrabajoSecundariaORG.png"
144,"&#x1f947;Cursos Bonificados de Terapia Ocupacional online",cursos-bonificados-de-terapia-ocupacional-online,Terapia-Ocupacional.jpg,https://dev.ciberaula.org/images/categorias/cursos-bonificados-de-terapia-ocupacional-online/Terapia-Ocupacional.jpg,3,"Terapia-Ocupacional.jpg | Diploma-acreditativo-Terapia-Ocupacional.png | Diploma-Terapia-Ocupacional-2023.png"
34,"&#x1f947;Cursos bonificados de TPC",cursos-bonificados-de-tpc,TPCC.png,https://dev.ciberaula.org/images/categorias/cursos-bonificados-de-tpc/TPCC.png,3,"TPCC.png | Diploma-acreditativo-TPC.png | Diploma-TPC-2023.png"
145,"&#x1f947;Cursos Bonificados de Trabajo Social online",cursos-bonificados-de-trabajo-social-online,TrabajoSocial.png,https://dev.ciberaula.org/images/categorias/cursos-bonificados-de-trabajo-social-online/TrabajoSocial.png,3,"TrabajoSocial.png | Diploma-acreditativo-Trabajo-Social.png | Diploma-Trabajo-Social-2023.png"
35,"&#x1f947;Cursos bonificados de Transporte",cursos-bonificados-de-transporte,"CURSOS ONLINE TRANSPORTE .jpg",https://dev.ciberaula.org/images/categorias/cursos-bonificados-de-transporte/CURSOSONLINETRANSPORTE.jpg,3,"CURSOS ONLINE TRANSPORTE .jpg | Diploma-acreditativo-Gestion-Pymes-Transporte.png | Diploma-transporte-2023.png"
38,"&#x1f947;Cursos bonificados en Barcelona",cursos-bonificados-en-barcelona,5e72a8beac21d.jpg,https://dev.ciberaula.org/images/categorias/cursos-bonificados-en-barcelona/5e72a8beac21d.jpg,3,"5e72a8beac21d.jpg | Diploma-acreditativo-de-INGLES-PRE-INTERMEDIO.png | Diploma Ciberaula 2022.png"
129,"&#x1f947;Cursos bonificados online de Digitalización en la empresa",cursos-bonificados-online-de-digitalizaci-n-en-la-empresa,Digitalizacion-en-la-empresa.png,https://dev.ciberaula.org/images/categorias/cursos-bonificados-online-de-digitalizaci-n-en-la-empresa/Digitalizacion-en-la-empresa.png,3,"Digitalizacion-en-la-empresa.png | Diploma-acreditativo-de-digitalizacion-en-la-empresa.png | Diploma-digitalizacion-en-la-empresa-2022.png"
75,"&#x1f947;Cursos bonificados online de Prevención del COVID 19&#x1f947;",cursos-bonificados-online-de-prevenci-n-del-covid-19,PrevencionCovid19.png,https://dev.ciberaula.org/images/categorias/cursos-bonificados-online-de-prevenci-n-del-covid-19/PrevencionCovid19.png,2,"PrevencionCovid19.png | Prevencion-Covid-19.png"
135,"&#x1f947;Cursos bonificados online de salud mental",cursos-bonificados-online-de-salud-mental,Salud-Mental.jpg,https://dev.ciberaula.org/images/categorias/cursos-bonificados-online-de-salud-mental/Salud-Mental.jpg,3,"Salud-Mental.jpg | Diploma-acreditativo-de-salud-mental.png | Diploma-salud-mental-2022.png"
85,"&#x1f947;Cursos bonificados para trabajadores 2020",cursos-bonificados-para-trabajadores-2020,Trabajadores2020.png,https://dev.ciberaula.org/images/categorias/cursos-bonificados-para-trabajadores-2020/Trabajadores2020.png,2,"Trabajadores2020.png | Trabajadores2020secundari.png"
76,"&#x1f947;Cursos Bonificados por la Seguridad Social",cursos-bonificados-por-la-seguridad-social,SeguridadSocialCiberaula.png,https://dev.ciberaula.org/images/categorias/cursos-bonificados-por-la-seguridad-social/SeguridadSocialCiberaula.png,4,"SeguridadSocialCiberaula.png | SeguridadSocial.jpg | Diploma-acreditativo-de-Excel.png | Diploma-Ciberaula-2022-Excel.png"
55,"&#x1f947;Cursos de ingles en Barcelona",cursos-de-ingles-en-barcelona,InglesBarcelona.png,https://dev.ciberaula.org/images/categorias/cursos-de-ingles-en-barcelona/InglesBarcelona.png,2,"InglesBarcelona.png | InglesBarce.jpg"
54,"&#x1f947;Cursos de ingles en Madrid",cursos-de-ingles-en-madrid,InglesMadrid.png,https://dev.ciberaula.org/images/categorias/cursos-de-ingles-en-madrid/InglesMadrid.png,2,"InglesMadrid.png | 96191938-imagen-de-la-joven-dama-de-negocios-feliz-trabajando-y-usando-su-computadora-portátil-y-teléfono-móvil-sent.jpg"
124,"&#x1f947;Cursos online bonificados de Alemán",cursos-online-bonificados-de-alem-n,CursosBonificadosDeAleman.png,https://dev.ciberaula.org/images/categorias/cursos-online-bonificados-de-alem-n/CursosBonificadosDeAleman.png,3,"CursosBonificadosDeAleman.png | Diploma-acreditativo-de-Aleman-A2.png | Diploma-Aleman-2023.png"
110,"&#x1f947;Cursos online bonificados de Árabe",cursos-online-bonificados-de-rabe,CursosOnlineBonificadosDeArabe.png,https://dev.ciberaula.org/images/categorias/cursos-online-bonificados-de-rabe/CursosOnlineBonificadosDeArabe.png,3,"CursosOnlineBonificadosDeArabe.png | Diploma-acreditativo-Arabe.png | Diploma-Arabe-2023.png"
97,"&#x1f947;Cursos Online Bonificados de Big Data",cursos-online-bonificados-de-big-data,BigDataPrima.png,https://dev.ciberaula.org/images/categorias/cursos-online-bonificados-de-big-data/BigDataPrima.png,3,"BigDataPrima.png | Diploma-acreditativo-big-data.png | Diploma-big-data-2023.png"
127,"&#x1f947;Cursos Online Bonificados de Blockchain",cursos-online-bonificados-de-blockchain,"Cursos Online Bonificados  de Blockchain.png",https://dev.ciberaula.org/images/categorias/cursos-online-bonificados-de-blockchain/CursosOnlineBonificadosdeBlockchain.png,4,"Cursos Online Bonificados  de Blockchain.png | Cursos Bonificados de Blockchain.jpg | Diploma-acreditativo-Fundamentos-blockchain.png | Diploma-Blockchain-2022.png"
119,"&#x1f947;Cursos online bonificados de cocina",cursos-online-bonificados-de-cocina,CursosOnlineBonificadosDeCocina.png,https://dev.ciberaula.org/images/categorias/cursos-online-bonificados-de-cocina/CursosOnlineBonificadosDeCocina.png,3,"CursosOnlineBonificadosDeCocina.png | Diploma-acreditativo-de-Cocina.png | Diploma-alimentacion-y-hosteleria-2023.png"
93,"&#x1f947;Cursos Online Bonificados de Consumo y Comercio",cursos-online-bonificados-de-consumo-y-comercio,bolsa-de-valores.png,https://dev.ciberaula.org/images/categorias/cursos-online-bonificados-de-consumo-y-comercio/bolsa-de-valores.png,2,"bolsa-de-valores.png | bolsaSecundaria.png"
126,"&#x1f947;Cursos online bonificados de Criptomonedas",cursos-online-bonificados-de-criptomonedas,CursoOnlineCriptomonedas.png,https://dev.ciberaula.org/images/categorias/cursos-online-bonificados-de-criptomonedas/CursoOnlineCriptomonedas.png,3,"CursoOnlineCriptomonedas.png | _Diploma-acreditativo-de-Estructura-Datos-Innovaciones-tecnologia-financiera.png | Diploma-criptomonedas-2022.png"
92,"&#x1f947;Cursos Online Bonificados de Diseño 3D",cursos-online-bonificados-de-dise-o-3d,Diseno3DPrimaria.png,https://dev.ciberaula.org/images/categorias/cursos-online-bonificados-de-dise-o-3d/Diseno3DPrimaria.png,2,"Diseno3DPrimaria.png | diseno3dSecundaria.png"
130,"&#x1f947;Cursos online Bonificados de Excel",cursos-online-bonificados-de-excel,ExcelOnlineModalidades.jpg,https://dev.ciberaula.org/images/categorias/cursos-online-bonificados-de-excel/ExcelOnlineModalidades.jpg,3,"ExcelOnlineModalidades.jpg | Diploma-acreditativo-de-Excel.png | Diploma-Ciberaula-2022-Excel.png"
105,"&#x1f947;Cursos Online Bonificados de Finanzas",cursos-online-bonificados-de-finanzas,FinanzasPrimaria.png,https://dev.ciberaula.org/images/categorias/cursos-online-bonificados-de-finanzas/FinanzasPrimaria.png,3,"FinanzasPrimaria.png | Diploma-acreditativo-Finanzas.png | Diploma-Finanzas-2023.png"
133,"&#x1f947;Cursos online bonificados de francés",cursos-online-bonificados-de-franc-s,CursosBonificadosDeFrances.png,https://dev.ciberaula.org/images/categorias/cursos-online-bonificados-de-franc-s/CursosBonificadosDeFrances.png,4,"CursosBonificadosDeFrances.png | Modalidades-Frances.jpg | Diploma-acreditativo-de-Frances-A1.png | Diploma-Frances-2023.png"
115,"&#x1f947;Cursos online Bonificados de Habilidades Blandas",cursos-online-bonificados-de-habilidades-blandas,Bonificacion.png,https://www.ciberaula.org/pluginfile.php/6226/coursecat/description/Bonificacion.png,0,
91,"&#x1f947;Cursos online bonificados de informática",cursos-online-bonificados-de-inform-tica,Informatica.png,https://dev.ciberaula.org/images/categorias/cursos-online-bonificados-de-inform-tica/Informatica.png,3,"Informatica.png | Diploma-acreditativo-administracion-del-gestor-de-datos-en-sistemas-erp-crm-2.png | Diploma-administracion-del-gestor-de-datos-en-sistemas-erp-crm-2.png"
94,"&#x1f947;cursos online bonificados de Linux",cursos-online-bonificados-de-linux,linux.png,https://dev.ciberaula.org/images/categorias/cursos-online-bonificados-de-linux/linux.png,2,"linux.png | HombreLinux.png"
122,"&#x1f947;Cursos online bonificados de Outlook",cursos-online-bonificados-de-outlook,Curso-online-de-Outlook.png,https://dev.ciberaula.org/images/categorias/cursos-online-bonificados-de-outlook/Curso-online-de-Outlook.png,3,"Curso-online-de-Outlook.png | Diploma-acreditativo-Outlook.png | Diploma-Outlook-2023.png"
98,"&#x1f947;Cursos Online Bonificados de Periodismo",cursos-online-bonificados-de-periodismo,PerioPrima.png,https://dev.ciberaula.org/images/categorias/cursos-online-bonificados-de-periodismo/PerioPrima.png,3,"PerioPrima.png | Diploma-acreditativo-Periodismo.png | Diploma-Periodismo-2023.png"
131,"&#x1f947;Cursos online bonificados de Protección de Datos",cursos-online-bonificados-de-protecci-n-de-datos,ProteccionDatos.png,https://dev.ciberaula.org/images/categorias/cursos-online-bonificados-de-protecci-n-de-datos/ProteccionDatos.png,3,"ProteccionDatos.png | Diploma-acreditativo-de-proteccion-de-datos.png | Diploma-Proteccion-de-Datos-2023.png"
99,"&#x1f947;cursos online Bonificados de Python",cursos-online-bonificados-de-python,Python.png,https://dev.ciberaula.org/images/categorias/cursos-online-bonificados-de-python/Python.png,2,"Python.png | python.jpg"
132,"&#x1f947;Cursos Online Bonificados de Python",cursos-online-bonificados-de-python,Python.png,https://dev.ciberaula.org/images/categorias/cursos-online-bonificados-de-python/Python.png,3,"Python.png | Diploma-acreditativo-Python.png | Diploma-Python-2023.png"
118,"&#x1f947;Cursos online bonificados de redes sociales",cursos-online-bonificados-de-redes-sociales,"redes sociales_1.png",https://dev.ciberaula.org/images/categorias/cursos-online-bonificados-de-redes-sociales/redessociales_1.png,3,"redes sociales_1.png | Diploma-acreditativo-Redes sociales.png | Diploma-Redes sociales-2023.png"
103,"&#x1f947;Cursos Online Bonificados de Robótica",cursos-online-bonificados-de-rob-tica,RoboticaPrimaria.png,https://dev.ciberaula.org/images/categorias/cursos-online-bonificados-de-rob-tica/RoboticaPrimaria.png,3,"RoboticaPrimaria.png | Diploma-acreditativo-Robotica.png | Diploma-Robotica-2023.png"
114,"&#x1f947;Cursos online bonificados de Ruso",cursos-online-bonificados-de-ruso,CursoBonificadoRuso.png,https://dev.ciberaula.org/images/categorias/cursos-online-bonificados-de-ruso/CursoBonificadoRuso.png,3,"CursoBonificadoRuso.png | Diploma-acreditativo-Ruso.png | Diploma-Ruso-2023.png"
100,"&#x1f947;Cursos Online Bonificados de Seguridad Informática",cursos-online-bonificados-de-seguridad-inform-tica,SeguridadInformatica.png,https://dev.ciberaula.org/images/categorias/cursos-online-bonificados-de-seguridad-inform-tica/SeguridadInformatica.png,3,"SeguridadInformatica.png | Diploma-acreditativo-Seguridad Informática.png | Diploma-Seguridad Informática-2023.png"
102,"&#x1f947;Cursos Online Bonificados de Turismo",cursos-online-bonificados-de-turismo,TurismoPrimaria.png,https://dev.ciberaula.org/images/categorias/cursos-online-bonificados-de-turismo/TurismoPrimaria.png,3,"TurismoPrimaria.png | Diploma-acreditativo-Turismo.png | Diploma-Turismo-2023.png"
108,"&#x1f947;cursos online bonificados de Wordpress",cursos-online-bonificados-de-wordpress,Wordpress.png,https://dev.ciberaula.org/images/categorias/cursos-online-bonificados-de-wordpress/Wordpress.png,3,"Wordpress.png | Diploma-acreditativo-Wordpress.png | Diploma-Wordpress-2023.png"
107,"&#x1f947;Cursos Online Bonificados Inteligencia Artificial",cursos-online-bonificados-inteligencia-artificial,InteArtifi.png,https://dev.ciberaula.org/images/categorias/cursos-online-bonificados-inteligencia-artificial/InteArtifi.png,3,"InteArtifi.png | Diploma-acreditativo-de-Inteligencia-Artificial.png | Diploma-inteligencia-artificial-2023.png"
4,"&#x1f947;Cursos online de Administración de empresas",cursos-online-de-administraci-n-de-empresas,Diploma-acreditativo-de-Adminitración-De-Empresas.png,https://dev.ciberaula.org/images/categorias/cursos-online-de-administraci-n-de-empresas/Diploma-acreditativo-de-Adminitracin-De-Empresas.png,2,"Diploma-acreditativo-de-Adminitración-De-Empresas.png | Diploma-administracion-de-empresas-2023.png"
109,"&#x1f947;Cursos online de Euskera",cursos-online-de-euskera,"Cursos online de Euskera.png",https://dev.ciberaula.org/images/categorias/cursos-online-de-euskera/CursosonlinedeEuskera.png,3,"Cursos online de Euskera.png | Diploma-acreditativo-Euskera.png | Diploma-Euskera-2023.png"
8,"&#x1f947;Cursos online de Excel",cursos-online-de-excel,CURSOS-19-.jpg,https://dev.ciberaula.org/images/categorias/cursos-online-de-excel/CURSOS-19-.jpg,2,"CURSOS-19-.jpg | HombreExcelSecundaria.png"
46,"&#x1f947;Cursos online de excel avanzado",cursos-online-de-excel-avanzado,ExAva.png,https://dev.ciberaula.org/images/categorias/cursos-online-de-excel-avanzado/ExAva.png,2,"ExAva.png | Excel-Avanzado.jpg"
44,"&#x1f947;Cursos online de excel básico",cursos-online-de-excel-b-sico,ExcelBasicoPrimaria.png,https://dev.ciberaula.org/images/categorias/cursos-online-de-excel-b-sico/ExcelBasicoPrimaria.png,2,"ExcelBasicoPrimaria.png | ExcelBasicojpg.jpg"
45,"&#x1f947;Cursos online de excel intermedio",cursos-online-de-excel-intermedio,Excel-Intermediou.png,https://dev.ciberaula.org/images/categorias/cursos-online-de-excel-intermedio/Excel-Intermediou.png,2,"Excel-Intermediou.png | ExcelIntermedio.jpeg"
106,"&#x1f947;Cursos online de impresión 3D",cursos-online-de-impresi-n-3d,Impresora3d.png,https://dev.ciberaula.org/images/categorias/cursos-online-de-impresi-n-3d/Impresora3d.png,3,"Impresora3d.png | Diploma-acreditativo-impresion-3D.png | Diploma-impresion-3D-2023.png"
95,"&#x1f947;cursos online de inglés",cursos-online-de-ingl-s,InglesOnline.png,https://dev.ciberaula.org/images/categorias/cursos-online-de-ingl-s/InglesOnline.png,2,"InglesOnline.png | OnlineIngles.jpg"
51,"&#x1f947;Cursos online de ingles A1",cursos-online-de-ingles-a1,InglesA1Secundaria.png,https://dev.ciberaula.org/images/categorias/cursos-online-de-ingles-a1/InglesA1Secundaria.png,3,"InglesA1Secundaria.png | Diploma-acreditativo-Ingles-A1.png | Diploma-ingles-A1-2023.png"
52,"&#x1f947;Cursos online de ingles A2",cursos-online-de-ingles-a2,BTN-Demo3.png,https://dev.ciberaula.org/images/categorias/cursos-online-de-ingles-a2/BTN-Demo3.png,4,"BTN-Demo3.png | InglesA2Secundaria.png | Diploma-acreditativo-de-Ingles-A2.png | Diploma-ingles-A2-2023.png"
50,"&#x1f947;Cursos online de ingles avanzado",cursos-online-de-ingles-avanzado,ExcelAvanzado.png,https://dev.ciberaula.org/images/categorias/cursos-online-de-ingles-avanzado/ExcelAvanzado.png,3,"ExcelAvanzado.png | Diploma-acreditativo-Ingles-Avanzado.png | Diploma-ingles-Avanzado-2023.png"
53,"&#x1f947;Cursos online de ingles B1",cursos-online-de-ingles-b1,InglesB2Secundaria.png,https://dev.ciberaula.org/images/categorias/cursos-online-de-ingles-b1/InglesB2Secundaria.png,3,"InglesB2Secundaria.png | Diploma-acreditativo-Ingles-Intermedio.png | Diploma-ingles-Intermedio-2023.png"
63,"&#x1f947;Cursos online de Ingles B2",cursos-online-de-ingles-b2,InglesB2.jpg,https://dev.ciberaula.org/images/categorias/cursos-online-de-ingles-b2/InglesB2.jpg,3,"InglesB2.jpg | Diploma-acreditativo-Ingles-Avanzado.png | Diploma-ingles-Avanzado-2023.png"
47,"&#x1f947;Cursos online de ingles basico",cursos-online-de-ingles-basico,Cursos-Online-Ingles-Basico.png,https://dev.ciberaula.org/images/categorias/cursos-online-de-ingles-basico/Cursos-Online-Ingles-Basico.png,4,"Cursos-Online-Ingles-Basico.png | Cursos-online-de-ingles-basico.png | Diploma-acreditativo-Ingles-basico.png | Diploma-Ingles-basico.png"
49,"&#x1f947;Cursos online de ingles intermedio",cursos-online-de-ingles-intermedio,Ingles-Intermedio.jpg,https://dev.ciberaula.org/images/categorias/cursos-online-de-ingles-intermedio/Ingles-Intermedio.jpg,3,"Ingles-Intermedio.jpg | Diploma-acreditativo-Ingles-Intermedio.png | Diploma-ingles-Intermedio-2023.png"
48,"&#x1f947;Cursos online de ingles pre-intermedio",cursos-online-de-ingles-pre-intermedio,Ingles-pre-intermedio.png,https://dev.ciberaula.org/images/categorias/cursos-online-de-ingles-pre-intermedio/Ingles-pre-intermedio.png,2,"Ingles-pre-intermedio.png | Ingles-PreIntermedioSecundaria.png"
96,"&#x1f947;cursos online de Java",cursos-online-de-java,ProgramaJava.png,https://dev.ciberaula.org/images/categorias/cursos-online-de-java/ProgramaJava.png,3,"ProgramaJava.png | Diploma-principios-de-la-programacion-orientada-a-objetos.png | Diploma-principios-de-la-programacion-orientada-objetos.png"
56,"&#x1f947;Cursos online de Office",cursos-online-de-office,Office.jpg,https://dev.ciberaula.org/images/categorias/cursos-online-de-office/Office.jpg,3,"Office.jpg | Diploma-acreditativo-Office-365.png | Diploma-Office-365.png"
60,"&#x1f947;cursos online de office 2016",cursos-online-de-office-2016,excellaptop.jpg,https://dev.ciberaula.org/images/categorias/cursos-online-de-office-2016/excellaptop.jpg,1,excellaptop.jpg
61,"&#x1f947;Cursos online de office 2019",cursos-online-de-office-2019,pqs-excel-nota.jpg,https://dev.ciberaula.org/images/categorias/cursos-online-de-office-2019/pqs-excel-nota.jpg,1,pqs-excel-nota.jpg
59,"&#x1f947;Cursos online de office avanzado",cursos-online-de-office-avanzado,OfficeAvanzado.png,https://dev.ciberaula.org/images/categorias/cursos-online-de-office-avanzado/OfficeAvanzado.png,3,"OfficeAvanzado.png | Diploma-acreditativo-Office-avanzado.png | Diploma-Office-avanzado-2023.png"
57,"&#x1f947;Cursos online de office básico",cursos-online-de-office-b-sico,Office.jpeg,https://dev.ciberaula.org/images/categorias/cursos-online-de-office-b-sico/Office.jpeg,4,"Office.jpeg | Office-Basic.jpg | Diploma-acreditativo-de-Office-2016.png | Diploma-Office-2023.png"
58,"&#x1f947;Cursos online de office intermedio",cursos-online-de-office-intermedio,"WhatsApp Image 2022-08-03 at 12.07.55.jpeg",https://dev.ciberaula.org/images/categorias/cursos-online-de-office-intermedio/WhatsAppImage2022-08-03at12.07.55.jpeg,4,"WhatsApp Image 2022-08-03 at 12.07.55.jpeg | OfficeInter.jpg | Diploma-acreditativo-de-Office-2019.png | Diploma-Office-Intermedio-2023.png"
62,"&#x1f947;Cursos online de prevencion de riesgos laborales",cursos-online-de-prevencion-de-riesgos-laborales,prevencion-riesgos-laborales-.jpg,https://dev.ciberaula.org/images/categorias/cursos-online-de-prevencion-de-riesgos-laborales/prevencion-riesgos-laborales-.jpg,2,"prevencion-riesgos-laborales-.jpg | prevencion-de-riesgos-secundaria.png"
104,"&#x1f947;cursos online para autónomos",cursos-online-para-aut-nomos,Autonomos.png,https://dev.ciberaula.org/images/categorias/cursos-online-para-aut-nomos/Autonomos.png,2,"Autonomos.png | autonomos-min.jpg"
101,"&#x1f947;Cursos online programación móvil",cursos-online-programaci-n-m-vil,Aplicaciones_Movil-org.png,https://dev.ciberaula.org/images/categorias/cursos-online-programaci-n-m-vil/Aplicaciones_Movil-org.png,3,"Aplicaciones_Movil-org.png | Diploma-acreditativo-Programacion-movil.png | Diploma-Programacion-movil-2023.png"
84,"&#x1f947;Cursos puntuables oposiciones correos",cursos-puntuables-oposiciones-correos,PuntuablesCorreo.png,https://dev.ciberaula.org/images/categorias/cursos-puntuables-oposiciones-correos/PuntuablesCorreo.png,1,PuntuablesCorreo.png
78,"&#x1f947;FUNDAE cursos",fundae-cursos,FundaeCursos.png,https://dev.ciberaula.org/images/categorias/fundae-cursos/FundaeCursos.png,2,"FundaeCursos.png | FundaeSecundaria.png"
77,"&#x1f947;Mejores cursos de ingles online",mejores-cursos-de-ingles-online,Diploma-acreditativo-de-Ingles-Intermedio.png,https://dev.ciberaula.org/images/categorias/mejores-cursos-de-ingles-online/Diploma-acreditativo-de-Ingles-Intermedio.png,2,"Diploma-acreditativo-de-Ingles-Intermedio.png | Diploma-ingles-Pre-Intermedio-2023.png"
82,"&#x1f947;Oposiciones correos 2021",oposiciones-correos-2021,OposicionesCorreos.jpg,https://dev.ciberaula.org/images/categorias/oposiciones-correos-2021/OposicionesCorreos.jpg,2,"OposicionesCorreos.jpg | OposicionesCorreos2021.jpg"
81,"&#x1f947;Oposiciones cursos homologados",oposiciones-cursos-homologados,OposisicioneHomologados.png,https://dev.ciberaula.org/images/categorias/oposiciones-cursos-homologados/OposisicioneHomologados.png,1,OposisicioneHomologados.png
83,"&#x1f947;Oposiciones guardia civil",oposiciones-guardia-civil,OposicionesGuardiaCivil.png,https://dev.ciberaula.org/images/categorias/oposiciones-guardia-civil/OposicionesGuardiaCivil.png,1,OposicionesGuardiaCivil.png
80,"&#x1f947;Oposiciones madrid",oposiciones-madrid,OposicionesMadrid.png,https://dev.ciberaula.org/images/categorias/oposiciones-madrid/OposicionesMadrid.png,1,OposicionesMadrid.png
40,"&#x1f947;Otros Cursos bonificados",otros-cursos-bonificados,OtrosBonificadosSecundaria.png,https://dev.ciberaula.org/images/categorias/otros-cursos-bonificados/OtrosBonificadosSecundaria.png,1,OtrosBonificadosSecundaria.png
79,"&#x1f947;Preparar oposiciones online",preparar-oposiciones-online,DSA.png,https://dev.ciberaula.org/images/categorias/preparar-oposiciones-online/DSA.png,1,DSA.png
136,"Aula Empresas",aula-empresas,,,0,
2,"Aulas Demos",aulas-demos,,,0,
125,"Categoria de Prueba",categoria-de-prueba,,,0,
138,"Cursos bonificados de ChatGPT online",cursos-bonificados-de-chatgpt-online,Diploma-acreditativo-ChatGPT.png,https://dev.ciberaula.org/images/categorias/cursos-bonificados-de-chatgpt-online/Diploma-acreditativo-ChatGPT.png,2,"Diploma-acreditativo-ChatGPT.png | Diploma-ChatGPT-2023.png"
1,Miscellaneous,miscellaneous,,,0,
134,Opiniones-valoraciones-testimonios,opiniones-valoraciones-testimonios,,,0,
